"Date","ConcLow","ConcHigh","Uncen","ConcAve","Julian","Month","Day","DecYear","MonthSeq","waterYear","SinDY","CosDY"
1991-01-23,0.53,0.53,1,0.53,51521,1,23,1991.06107305936,1693,1991,0.37438490584738,0.927273391332701
1991-02-26,0.53,0.53,1,0.53,51555,2,57,1991.15422374429,1694,1991,0.824329265491601,0.566110644710094
1991-03-27,0.83,0.83,1,0.83,51584,3,87,1991.23367579909,1695,1991,0.994744514624855,0.102388234791704
1991-04-24,1.12,1.12,1,1.12,51612,4,115,1991.31038812785,1696,1991,0.928875984316185,-0.370390882394045
1991-05-22,1.05,1.05,1,1.05,51640,5,143,1991.38710045662,1697,1991,0.651354926877277,-0.758773193538555
1991-06-26,0.63,0.63,1,0.63,51675,6,178,1991.48299086758,1698,1991,0.106668207762934,-0.994294671338755
1991-07-31,1.27,1.27,1,1.27,51710,7,213,1991.57888127854,1699,1991,-0.475582146159645,-0.879671314897892
1991-08-28,0.89,0.89,1,0.89,51738,8,241,1991.65559360731,1700,1991,-0.829171244164743,-0.558994676048254
1991-09-25,0.78,0.78,1,0.78,51766,9,269,1991.73230593607,1701,1991,-0.993826413190736,-0.110946205182676
1991-10-23,0.95,0.95,1,0.95,51794,10,297,1991.80901826484,1702,1992,-0.932029531100939,0.362382330082144
1991-11-20,0.61,0.61,1,0.61,51822,11,325,1991.88573059361,1703,1992,-0.657861558630604,0.75313887808034
1991-12-11,0.75,0.75,1,0.75,51843,12,346,1991.94326484018,1704,1992,-0.348975379169641,0.937131892922979
1992-01-29,0.44,0.44,1,0.44,51892,1,29,1992.0772996357,1705,1992,0.466816848199752,0.884354018612936
1992-02-26,0.72,0.72,1,0.72,51920,2,57,1992.15380236794,1706,1992,0.822827551645024,0.568291140397116
1992-03-25,0.49,0.49,1,0.49,51948,3,85,1992.23030510018,1707,1992,0.992353142142141,0.123431119579385
1992-04-22,0.64,0.64,1,0.64,51976,4,113,1992.30680783242,1708,1992,0.936972447685707,-0.34940325167041
1992-05-27,0.78,0.78,1,0.78,52011,5,148,1992.40243624772,1709,1992,0.575332929982667,-0.817919323452845
1992-06-24,0.53,0.53,1,0.53,52039,6,176,1992.47893897996,1710,1992,0.131944416955347,-0.991257116410426
1992-07-29,1.39,1.39,1,1.39,52074,7,211,1992.57456739526,1711,1992,-0.451566948960317,-0.892237238971043
1992-08-26,1.07,1.07,1,1.07,52102,8,239,1992.6510701275,1712,1992,-0.812950833003869,-0.582332330476607
1992-09-23,1.05,1.05,1,1.05,52130,9,267,1992.72757285974,1713,1992,-0.990088057328198,-0.140447992994118
1992-10-28,0.65,0.65,1,0.65,52165,10,302,1992.82320127505,1714,1993,-0.896080386427423,0.443891812337286
1992-11-18,0.6,0.6,1,0.6,52186,11,323,1992.88057832423,1715,1993,-0.681893725788249,0.731451260666505
1992-12-16,0.47,0.47,1,0.47,52214,12,351,1992.95708105647,1716,1993,-0.266411137199524,0.96385948455989
1993-01-20,0.72,0.72,1,0.72,52249,1,20,1993.05285388128,1717,1993,0.326020238103671,0.945362789804436
1993-02-17,0.62,0.62,1,0.62,52277,2,48,1993.12956621005,1718,1993,0.727100132324724,0.686531425044309
1993-03-17,0.77,0.77,1,0.77,52305,3,77,1993.20627853881,1719,1993,0.962503894228707,0.271267863180609
1993-04-21,0.88,0.88,1,0.88,52340,4,112,1993.30216894977,1720,1993,0.946757076076101,-0.321948814099124
1993-05-19,0.89,0.89,1,0.89,52368,5,140,1993.37888127854,1721,1993,0.689654170847909,-0.724138884905432
1993-06-16,0.71,0.71,1,0.71,52396,6,168,1993.45559360731,1722,1993,0.275407523537371,-0.961327569551094
1993-07-21,0.52,0.52,1,0.52,52431,7,203,1993.55148401826,1723,1993,-0.317871427434393,-0.9481338279066
1993-08-18,0.38,0.38,1,0.38,52459,8,231,1993.62819634703,1724,1993,-0.721164226053174,-0.69276414389107
1993-09-15,0.8,0.8,1,0.8,52487,9,259,1993.7049086758,1725,1993,-0.96013344057968,-0.279542083201487
1993-10-20,0.87,0.87,1,0.87,52522,10,294,1993.80079908676,1726,1994,-0.949493019798355,0.313788153623111
1993-11-17,0.75,0.75,1,0.75,52550,11,322,1993.87751141553,1727,1994,-0.695861286576772,0.718176210858951
1993-12-15,0.53,0.53,1,0.53,52578,12,350,1993.95422374429,1728,1994,-0.283671465598731,0.958921529430364
1994-01-26,0.45,0.45,1,0.45,52620,1,26,1994.06929223744,1729,1994,0.421751325874161,0.906711541298217
1994-02-23,0.76,0.76,1,0.76,52648,2,54,1994.14600456621,1730,1994,0.794007840049849,0.607907517587481
1994-03-23,0.64,0.64,1,0.64,52676,3,83,1994.22271689498,1731,1994,0.985342714797548,0.170586442589668
1994-04-27,0.57,0.57,1,0.57,52711,4,118,1994.31860730594,1732,1994,0.90851816789238,-0.417845352504337
1994-05-25,0.68,0.68,1,0.68,52739,5,146,1994.3953196347,1733,1994,0.611318931350373,-0.791384334045499
1994-06-22,0.9,0.9,1,0.9,52767,6,174,1994.47203196347,1734,1994,0.174825323021895,-0.984599464975627
1994-07-27,1.06,1.06,1,1.06,52802,7,209,1994.56792237443,1735,1994,-0.413931640418123,-0.910307968250724
1994-08-24,1.06,1.06,1,1.06,52830,8,237,1994.6446347032,1736,1994,-0.788746171185736,-0.614719023164114
1994-09-28,2.39,2.39,1,2.39,52865,9,272,1994.74052511416,1737,1994,-0.998228466195769,-0.0594973047830092
1994-10-26,1.1,1.1,1,1.1,52893,10,300,1994.81723744292,1738,1995,-0.912080909225949,0.410010262097873
1994-11-30,1.02,1.02,1,1.02,52928,11,335,1994.91312785388,1739,1995,-0.519130908595397,0.854694740676996
1994-12-14,1.15,1.15,1,1.15,52942,12,349,1994.95148401826,1740,1995,-0.300135694421927,0.953896516889472
1995-01-25,0.94,0.94,1,0.94,52984,1,25,1995.06655251142,1741,1995,0.406081290172896,0.913836957980753
1995-02-22,1.12,1.12,1,1.12,53012,2,53,1995.14326484018,1742,1995,0.783426070610056,0.621484989270447
1995-03-22,1.04,1.04,1,1.04,53040,3,82,1995.21997716895,1743,1995,0.982260360449919,0.187522223453104
1995-04-26,1.12,1.12,1,1.12,53075,4,117,1995.31586757991,1744,1995,0.91557608199294,-0.402144797408169
1995-05-24,1.32,1.32,1,1.32,53103,5,145,1995.39257990868,1745,1995,0.624850738252347,-0.780744231426334
1995-06-28,0.55,0.55,1,0.55,53138,6,180,1995.48847031963,1746,1995,0.0723797712473738,-0.997377144672053
1995-07-26,0.7,0.7,1,0.7,53166,7,208,1995.5651826484,1747,1995,-0.398200856709617,-0.917298249053015
1995-08-23,0.76,0.76,1,0.76,53194,8,236,1995.64189497717,1748,1995,-0.778047932447513,-0.628204914668893
1995-09-27,0.84,0.84,1,0.84,53229,9,271,1995.73778538813,1749,1995,-0.997056419579168,-0.0766713517291195
1995-10-25,0.7,0.7,1,0.7,53257,10,299,1995.81449771689,1750,1996,-0.919003427265536,0.394249541121101
1995-11-29,0.49,0.49,1,0.49,53292,11,334,1995.91038812785,1751,1996,-0.533766158723934,0.845632123207897
1995-12-13,0.5,0.5,1,0.5,53306,12,348,1995.94874429224,1752,1996,-0.316510986559679,0.948588844224419
1996-01-24,0.55,0.55,1,0.55,53348,1,24,1996.06363843352,1753,1996,0.389282085897866,0.921118590410055
1996-02-21,0.54,0.54,1,0.54,53376,2,52,1996.14014116576,1754,1996,0.771078315954384,0.636740316506621
1996-03-20,0.77,0.77,1,0.77,53404,3,80,1996.216643898,1755,1996,0.978117846924914,0.208051622264691
1996-04-17,0.73,0.73,1,0.73,53432,4,108,1996.29314663024,1756,1996,0.963477371195495,-0.267789759315434
1996-05-15,0.85,0.85,1,0.85,53460,5,136,1996.36964936248,1757,1996,0.730474996873337,-0.682939440172332
1996-06-19,0.63,0.63,1,0.63,53495,6,171,1996.46527777778,1758,1996,0.216439613937913,-0.976296007119975
1996-07-17,0.68,0.68,1,0.68,53523,7,199,1996.54178051002,1759,1996,-0.259509904485885,-0.965740446224412
1996-08-21,0.99,0.99,1,0.99,53558,8,234,1996.63740892532,1760,1996,-0.7600342015533,-0.649883075998474
1996-09-25,1.23,1.23,1,1.23,53593,9,269,1996.73303734062,1761,1996,-0.994325775929937,-0.106377870449302
1996-10-16,1.55,1.55,1,1.55,53614,10,290,1996.7904143898,1762,1997,-0.967932367906718,0.25121092961592
1996-11-20,1.02,1.02,1,1.02,53649,11,325,1996.8860428051,1763,1997,-0.656382874306426,0.75442794375423
1996-12-11,0.6,0.6,1,0.6,53670,12,346,1996.94341985428,1764,1997,-0.348062463908214,0.937471344211728
1997-01-22,0.62,0.62,1,0.62,53712,1,22,1997.05833333333,1765,1997,0.35836794954588,0.933580426496979
1997-02-19,0.66,0.66,1,0.66,53740,2,50,1997.1350456621,1766,1997,0.750300771404475,0.6610966286632
1997-03-19,0.7,0.7,1,0.7,53768,3,79,1997.21175799087,1767,1997,0.971270992165322,0.237976174812082
1997-04-16,0.66,0.66,1,0.66,53796,4,107,1997.28847031963,1768,1997,0.97092861200851,-0.239369234412506
1997-05-21,0.92,0.92,1,0.92,53831,5,142,1997.38436073059,1769,1997,0.664319454838536,-0.747448768761465
1997-06-18,0.6,0.6,1,0.6,53859,6,170,1997.46107305936,1770,1997,0.242153873000374,-0.970237858357897
1997-07-23,0.9,0.9,1,0.9,53894,7,205,1997.55696347032,1771,1997,-0.350319351453124,-0.936630317680067
1997-08-20,0.97,0.97,1,0.97,53922,8,233,1997.63367579909,1772,1997,-0.744582922974094,-0.667529977465697
1997-09-17,0.73,0.73,1,0.73,53950,9,261,1997.71038812785,1773,1997,-0.969186755232973,-0.246327086372937
1997-10-15,0.65,0.65,1,0.65,53978,10,289,1997.78710045662,1774,1998,-0.972952898210761,0.231003588420786
1997-11-19,0.6,0.6,1,0.6,54013,11,324,1997.88299086758,1775,1998,-0.670728137085476,0.741703287118135
1997-12-10,0.72,0.72,1,0.72,54034,12,345,1997.94052511416,1776,1998,-0.365054859739952,0.930986009229056
1998-01-21,0.73,0.73,1,0.73,54076,1,21,1998.05559360731,1777,1998,0.342244801085336,0.939610821633116
1998-02-18,2.4,2.4,1,2.4,54104,2,49,1998.13230593607,1778,1998,0.738809914524738,0.673913874467612
1998-03-18,0.75,0.75,1,0.75,54132,3,78,1998.20901826484,1779,1998,0.967030719233235,0.254659749586095
1998-04-22,0.96,0.96,1,0.96,54167,4,113,1998.3049086758,1780,1998,0.941074984197063,-0.338197980654079
1998-05-20,0.94,0.94,1,0.94,54195,5,141,1998.38162100457,1781,1998,0.677087130607877,-0.735902858783136
1998-06-17,0.95,0.95,1,0.95,54223,6,169,1998.45833333333,1782,1998,0.258819045103136,-0.965925826288904
1998-07-22,0.55,0.55,1,0.55,54258,7,204,1998.55422374429,1783,1998,-0.334144896616067,-0.942521717556385
1998-08-26,0.63,0.63,1,0.63,54293,8,239,1998.65011415525,1784,1998,-0.809438380261169,-0.587204826751428
1998-09-16,0.54,0.54,1,0.54,54314,9,260,1998.70764840183,1785,1998,-0.964803043888631,-0.262973547154904
1998-10-21,0.82,0.82,1,0.82,54349,10,295,1998.80353881279,1786,1999,-0.943950994915592,0.330085624039981
1998-11-18,0.74,0.74,1,0.74,54377,11,323,1998.88025114155,1787,1999,-0.683395964317571,0.730047913464902
1998-12-09,0.67,0.67,1,0.67,54398,12,344,1998.93778538813,1788,1999,-0.381026166676474,0.924564254288382
1999-01-20,0.61,0.61,1,0.61,54440,1,20,1999.05285388128,1789,1999,0.326020238102259,0.945362789804922
1999-02-17,0.56,0.56,1,0.56,54468,2,48,1999.12956621005,1790,1999,0.727100132323698,0.686531425045395
1999-03-17,0.59,0.59,1,0.59,54496,3,77,1999.20627853881,1791,1999,0.962503894228795,0.271267863180296
1999-04-21,0.54,0.54,1,0.54,54531,4,112,1999.30216894977,1792,1999,0.946757076075996,-0.321948814099432
1999-05-19,0.6,0.6,1,0.6,54559,5,140,1999.37888127854,1793,1999,0.689654170847673,-0.724138884905657
1999-06-16,0.4,0.4,1,0.4,54587,6,168,1999.45559360731,1794,1999,0.275407523537058,-0.961327569551183
1999-07-21,0.69,0.69,1,0.69,54622,7,203,1999.55148401826,1795,1999,-0.317871427434701,-0.948133827906496
1999-08-18,0.76,0.76,1,0.76,54650,8,231,1999.62819634703,1796,1999,-0.721164226053399,-0.692764143890835
1999-09-23,0.69,0.69,1,0.69,54686,9,267,1999.72682648402,1797,1999,-0.989418525207555,-0.145089565359148
1999-10-13,0.84,0.84,1,0.84,54706,10,287,1999.78162100457,1798,2000,-0.980327842846829,0.197376089076877
1999-11-17,0.64,0.64,1,0.64,54741,11,322,1999.87751141553,1799,2000,-0.695861286576538,0.718176210859177
1999-12-15,0.55,0.55,1,0.55,54769,12,350,1999.95422374429,1800,2000,-0.283671465598419,0.958921529430456
2000-01-19,0.62,0.62,1,0.62,54804,1,19,2000.04997723133,1801,2000,0.308880933281042,0.951100714464789
2000-02-16,0.55,0.55,1,0.55,54832,2,47,2000.12647996357,1802,2000,0.713651420038309,0.700500999768955
2000-03-15,0.64,0.64,1,0.64,54860,3,75,2000.20298269581,1803,2000,0.956680402871733,0.29114018403714
2000-04-19,0.56,0.56,1,0.56,54895,4,110,2000.29861111111,1804,2000,0.953716950748683,-0.300705799502825
2000-05-17,0.71,0.71,1,0.71,54923,5,138,2000.37511384335,1805,2000,0.706600807649442,-0.707612392930732
2000-06-21,1.1,1.1,1,1.1,54958,6,173,2000.47074225865,1806,2000,0.182798152527497,-0.983150464289436
2000-07-19,0.43,0.43,1,0.43,54986,7,201,2000.54724499089,1807,2000,-0.292508510473427,-0.956262919547034
2000-08-16,0.5,0.5,1,0.5,55014,8,229,2000.62374772313,1808,2000,-0.70152123070783,-0.712648554945684
2000-09-20,0.62,0.62,1,0.62,55049,9,264,2000.71937613843,1809,2000,-0.981545201768906,-0.191230271882978
2000-10-11,0.48,0.48,1,0.48,55070,10,285,2000.77675318761,1810,2001,-0.985905231361695,0.167304736255858
2000-11-15,0.48,0.48,1,0.48,55105,11,320,2000.87238160291,1811,2001,-0.718643796074751,0.695378382151236
2000-12-13,0.53,0.53,1,0.53,55133,12,348,2000.94888433515,1812,2001,-0.315676186015855,0.94886697991999
2001-01-17,0.31,0.31,1,0.31,55168,1,17,2001.0446347032,1813,2001,0.276786280618147,0.960931503730402
2001-02-21,0.52,0.52,1,0.52,55203,2,52,2001.14052511416,1814,2001,0.772612155118755,0.634878301537194
2001-03-21,0.6,0.6,1,0.6,55231,3,81,2001.21723744292,1815,2001,0.978886941158866,0.204402437433216
2001-04-18,0.55,0.55,1,0.55,55259,4,109,2001.29394977169,1816,2001,0.962113765609588,-0.272648311978158
2001-05-16,0.45,0.45,1,0.45,55287,5,137,2001.37066210046,1817,2001,0.726114543401382,-0.687573755942592
2001-06-20,0.51,0.51,1,0.51,55322,6,172,2001.46655251142,1818,2001,0.208613222053105,-0.977998222689909
2001-07-25,1.13,1.13,1,1.13,55357,7,207,2001.56244292237,1819,2001,-0.382352077493075,-0.924016714587312
2001-08-22,1.15,1.15,1,1.15,55385,8,235,2001.63915525114,1820,2001,-0.767119141315032,-0.641504655499933
2001-09-19,0.92,0.92,1,0.92,55413,9,263,2001.71586757991,1821,2001,-0.977091391178233,-0.212820143044274
2001-10-17,0.94,0.94,1,0.94,55441,10,291,2001.79257990868,1822,2002,-0.964424811238642,0.264357302655535
2001-11-14,0.67,0.67,1,0.67,55469,11,319,2001.86929223744,1823,2002,-0.732005592655873,0.681298621986368
2001-12-12,0.7,0.7,1,0.7,55497,12,347,2001.94600456621,1824,2002,-0.332792489663294,0.94300008421193
2002-01-16,0.25,0.25,1,0.25,55532,1,16,2002.04189497717,1825,2002,0.26020441552852,0.965553552186238
2002-02-20,0.6,0.6,1,0.6,55567,2,51,2002.13778538813,1826,2002,0.761569297970626,0.648083485662556
2002-03-20,0.7,0.7,1,0.7,55595,3,80,2002.2144977169,1827,2002,0.975223456540747,0.221222082561205
2002-04-17,0.55,0.55,1,0.55,55623,4,108,2002.29121004566,1828,2002,0.966664410572605,-0.256046709278441
2002-05-15,0.85,0.85,1,0.85,55651,5,136,2002.36792237443,1829,2002,0.737842413641022,-0.674973016225383
2002-06-19,0.39,0.39,1,0.39,55686,6,171,2002.46381278539,1830,2002,0.225416945478614,-0.974262388010074
2002-07-24,0.87,0.87,1,0.87,55721,7,206,2002.55970319635,1831,2002,-0.366389999106134,-0.930461374026352
2002-08-21,0.86,0.86,1,0.86,55749,8,234,2002.63641552511,1832,2002,-0.755963036226586,-0.654614304655102
2002-09-18,0.79,0.79,1,0.79,55777,9,262,2002.71312785388,1833,2002,-0.973283275625937,-0.22960763355526
2002-10-16,0.83,0.83,1,0.83,55805,10,290,2002.78984018265,1834,2003,-0.968832397698496,0.247717147508573
2002-11-20,0.51,0.51,1,0.51,55840,11,325,2002.88573059361,1835,2003,-0.657861558630611,0.753138878080333
2002-12-11,1.21,1.21,1,1.21,55861,12,346,2002.94326484018,1836,2003,-0.34897537916965,0.937131892922975
2003-01-15,0.47,0.47,1,0.47,55896,1,15,2003.03915525114,1837,2003,0.243545446254898,0.969889486286197
2003-02-19,0.62,0.62,1,0.62,55931,2,50,2003.1350456621,1838,2003,0.750300771403488,0.661096628664321
2003-03-19,0.89,0.89,1,0.89,55959,3,79,2003.21175799087,1839,2003,0.9712709921654,0.237976174811766
2003-04-16,0.99,0.99,1,0.99,55987,4,107,2003.28847031963,1840,2003,0.970928612008867,-0.239369234411055
2003-05-21,0.56,0.56,1,0.56,56022,5,142,2003.38436073059,1841,2003,0.664319454838293,-0.747448768761681
2003-06-18,0.82,0.82,1,0.82,56050,6,170,2003.46107305936,1842,2003,0.242153873000059,-0.970237858357976
2003-07-16,0.8,0.8,1,0.8,56078,7,198,2003.53778538813,1843,2003,-0.235188589324461,-0.971949755620922
2003-08-13,0.81,0.81,1,0.81,56106,8,226,2003.61449771689,1844,2003,-0.658941272042692,-0.752194389768203
2003-09-17,0.87,0.87,1,0.87,56141,9,261,2003.71038812785,1845,2003,-0.969186755233054,-0.246327086372622
2003-10-08,0.82,0.82,1,0.82,56162,10,282,2003.76792237443,1846,2004,-0.993666236439006,0.112371751615526
2003-11-19,0.87,0.87,1,0.87,56204,11,324,2003.88299086758,1847,2004,-0.670728137085234,0.741703287118354
2003-12-10,0.53,0.53,1,0.53,56225,12,345,2003.94052511416,1848,2004,-0.365054859739649,0.930986009229175
2004-01-14,0.53,0.53,1,0.53,56260,1,14,2004.03631602914,1849,2004,0.226205405997331,0.974079624208197
2004-02-18,0.63,0.63,1,0.63,56295,2,49,2004.13194444444,1850,2004,0.737277336809171,0.675590207616701
2004-03-17,0.8,0.8,1,0.8,56323,3,77,2004.20844717668,1851,2004,0.966110712135458,0.25812805329355
2004-04-21,0.68,0.68,1,0.68,56358,4,112,2004.30407559199,1852,2004,0.94283235408083,-0.333267388291144
2004-05-19,0.85,0.85,1,0.85,56386,5,140,2004.38057832423,1853,2004,0.681893725789345,-0.731451260665483
2004-06-16,0.61,0.61,1,0.61,56414,6,168,2004.45708105647,1854,2004,0.266411137199215,-0.963859484559975
2004-07-21,0.6,0.6,1,0.6,56449,7,203,2004.55270947177,1855,2004,-0.32516232746129,-0.945658215636049
2004-08-18,1.52,1.52,1,1.52,56477,8,231,2004.62921220401,1856,2004,-0.725571293019437,-0.688147003732562
2004-09-15,1.17,1.17,1,1.17,56505,9,259,2004.70571493625,1857,2004,-0.961537242222899,-0.274674592597097
2004-10-20,1.03,1.03,1,1.03,56540,10,294,2004.80134335155,1858,2005,-0.94841440345375,0.317033309482563
2004-11-17,0.64,0.64,1,0.64,56568,11,322,2004.87784608379,1859,2005,-0.694349580723087,0.719637867089881
2004-12-15,0.86,0.86,1,0.86,56596,12,350,2004.95434881603,1860,2005,-0.282917810656425,0.959144156221251
2005-01-19,0.61,0.61,1,0.61,56631,1,19,2005.05011415525,1861,2005,0.309699068289656,0.950834626578418
2005-02-16,1.04,1.04,1,1.04,56659,2,47,2005.12682648402,1862,2005,0.715174894662374,0.698945541544306
2005-03-16,0.76,0.76,1,0.76,56687,3,76,2005.20353881279,1863,2005,0.957691858548377,0.287795594250772
2005-04-20,0.72,0.72,1,0.72,56722,4,111,2005.29942922374,1864,2005,0.952158623399517,-0.305604247166063
2005-05-18,0.62,0.62,1,0.62,56750,5,139,2005.37614155251,1865,2005,0.702016851671628,-0.712160333049417
2005-06-15,0.8,0.8,1,0.8,56778,6,167,2005.45285388128,1866,2005,0.291914392776552,-0.956444450707879
2005-07-20,0.75,0.75,1,0.75,56813,7,202,2005.54874429224,1867,2005,-0.30150376609057,-0.953464985740537
2005-08-17,0.8,0.8,1,0.8,56841,8,230,2005.625456621,1868,2005,-0.709132581851344,-0.705075160076461
2005-09-21,0.74,0.74,1,0.74,56876,9,265,2005.72134703196,1869,2005,-0.983837979851795,-0.179060965598699
2005-10-19,0.67,0.67,1,0.67,56904,10,293,2005.79805936073,1870,2006,-0.954753689407498,0.297397701004515
2005-11-16,0.65,0.65,1,0.65,56932,11,321,2005.8747716895,1871,2006,-0.708120410118605,0.706091697142417
2005-12-21,0.6,0.6,1,0.6,56967,12,356,2005.97066210046,1872,2006,-0.183293291870143,0.983058273529808
2006-01-18,1.35,1.35,1,1.35,56995,1,18,2006.04737442922,1873,2006,0.293286127957859,0.956024710531839
2006-02-15,0.476,0.476,1,0.476,57023,2,46,2006.12408675799,1874,2006,0.703037735243996,0.711152545395848
2006-03-15,0.719,0.719,1,0.719,57051,3,75,2006.20079908676,1875,2006,0.952596038101175,0.304238045276959
2006-04-19,0.631,0.631,1,0.631,57086,4,110,2006.29668949772,1876,2006,0.957278025574126,-0.289169123097371
2006-05-17,0.507,0.507,1,0.507,57114,5,138,2006.37340182648,1877,2006,0.714171509752734,-0.699970752715784
2006-06-21,0.259,0.259,1,0.259,57149,6,173,2006.46929223744,1878,2006,0.191747682025566,-0.981444255389893
2006-07-19,0.583,0.583,1,0.583,57177,7,201,2006.54600456621,1879,2006,-0.285046762672153,-0.958513611322304
2006-08-16,0.748,0.748,1,0.748,57205,8,229,2006.62271689498,1880,2006,-0.696890806359915,-0.717177247276451
2006-09-20,0.757,0.757,1,0.757,57240,9,264,2006.71860730594,1881,2006,-0.980609973464434,-0.195969589329778
2006-10-18,0.667,0.667,1,0.667,57268,10,292,2006.7953196347,1882,2007,-0.959731444892673,0.280919123030494
2006-11-15,0.591,0.591,1,0.591,57296,11,320,2006.87203196347,1883,2007,-0.720169702299153,0.693797953218622
2006-12-20,0.521,0.521,1,0.521,57331,12,355,2006.96792237443,1884,2007,-0.200187867173799,0.97975753012488
2007-01-17,0.599,0.599,1,0.599,57359,1,17,2007.0446347032,1885,2007,0.27678628061846,0.960931503730312
2007-02-21,0.536,0.536,1,0.536,57394,2,52,2007.14052511416,1886,2007,0.772612155118962,0.634878301536943
2007-03-21,0.555,0.555,1,0.555,57422,3,81,2007.21723744292,1887,2007,0.97888694115856,0.204402437434678
2007-04-18,0.495,0.495,1,0.495,57450,4,109,2007.29394977169,1888,2007,0.962113765609995,-0.272648311976721
2007-05-16,0.755,0.755,1,0.755,57478,5,137,2007.37066210046,1889,2007,0.726114543402409,-0.687573755941507
2007-06-20,0.586,0.586,1,0.586,57513,6,172,2007.46655251142,1890,2007,0.208613222052787,-0.977998222689977
2007-07-25,0.343,0.343,1,0.343,57548,7,207,2007.56244292237,1891,2007,-0.382352077493376,-0.924016714587187
2007-08-15,0.527,0.527,1,0.527,57569,8,228,2007.61997716895,1892,2007,-0.684442527082419,-0.729066819380111
2007-09-19,0.635,0.635,1,0.635,57604,9,263,2007.71586757991,1893,2007,-0.977091391178302,-0.212820143043956
2007-10-17,0.851,0.851,1,0.851,57632,10,291,2007.79257990868,1894,2008,-0.964424811238556,0.264357302655849
2007-11-28,0.51,0.51,1,0.51,57674,11,333,2007.90764840183,1895,2008,-0.548243242421581,0.836318926689496
2007-12-12,0.565,0.565,1,0.565,57688,12,347,2007.94600456621,1896,2008,-0.332792489662987,0.943000084212038
2008-01-23,0.406,0.406,1,0.406,57730,1,23,2008.06090619308,1897,2008,0.373412498822738,0.927665406126023
2008-02-19,0.507,0.507,1,0.507,57757,2,50,2008.13467668488,1898,2008,0.748766101585686,0.662834311963535
2008-03-19,0.6,0.6,1,0.6,57786,3,79,2008.21391165756,1899,2008,0.974402236261568,0.224811658880175
2008-04-16,0.653,0.653,1,0.653,57814,4,107,2008.2904143898,1900,2008,0.967932367907094,-0.25121092961447
2008-05-21,0.645,0.645,1,0.645,57849,5,142,2008.3860428051,1901,2008,0.656382874306184,-0.75442794375444
2008-06-18,0.413,0.413,1,0.413,57877,6,170,2008.46254553734,1902,2008,0.233167140260722,-0.972436673877861
2008-07-16,0.599,0.599,1,0.599,57905,7,198,2008.53904826958,1903,2008,-0.24289344615009,-0.970052974747943
2008-08-27,0.797,0.797,1,0.797,57947,8,240,2008.65380236794,1904,2008,-0.822827551645016,-0.568291140397128
2008-09-17,0.829,0.829,1,0.829,57968,9,261,2008.71117941712,1905,2008,-0.970399464786656,-0.241505442468223
2008-10-22,0.736,0.736,1,0.736,58003,10,296,2008.80680783242,1906,2009,-0.936972447685712,0.349403251670396
2008-11-19,0.636,0.636,1,0.636,58031,11,324,2008.88331056466,1907,2009,-0.669236913642334,0.743049092199488
2008-12-17,0.579,0.579,1,0.579,58059,12,352,2008.9598132969,1908,2009,-0.249825951157379,0.968290759084435
2009-01-20,0.433,0.433,1,0.433,58093,1,20,2009.05285388128,1909,2009,0.326020238103345,0.945362789804548
2009-02-17,0.448,0.448,1,0.448,58121,2,48,2009.12956621005,1910,2009,0.727100132324487,0.686531425044559
2009-03-17,0.581,0.581,1,0.581,58149,3,77,2009.20627853881,1911,2009,0.962503894229107,0.27126786317919
2009-04-21,0.459,0.459,1,0.459,58184,4,112,2009.30216894977,1912,2009,0.946757076075626,-0.321948814100519
2009-05-19,0.437,0.437,1,0.437,58212,5,140,2009.37888127854,1913,2009,0.689654170846842,-0.724138884906449
2009-06-16,0.781,0.781,1,0.781,58240,6,168,2009.45559360731,1914,2009,0.275407523535953,-0.9613275695515
2009-07-21,0.731,0.731,1,0.731,58275,7,203,2009.55148401826,1915,2009,-0.317871427434066,-0.948133827906709
2009-08-18,0.806,0.806,1,0.806,58303,8,231,2009.62819634703,1916,2009,-0.721164226052935,-0.692764143891318
2009-09-15,0.802,0.802,1,0.802,58331,9,259,2009.7049086758,1917,2009,-0.960133440579583,-0.279542083201818
2009-10-21,0.755,0.755,1,0.755,58367,10,295,2009.80353881279,1918,2010,-0.943950994915595,0.330085624039972
2009-11-17,0.63,0.63,1,0.63,58394,11,322,2009.87751141553,1919,2010,-0.69586128657702,0.718176210858711
2009-12-15,0.656,0.656,1,0.656,58422,12,350,2009.95422374429,1920,2010,-0.283671465599062,0.958921529430266
2010-01-19,0.471,0.471,1,0.471,58457,1,19,2010.05011415525,1921,2010,0.309699068289337,0.950834626578521
2010-02-16,0.623,0.623,1,0.623,58485,2,47,2010.12682648402,1922,2010,0.71517489466214,0.698945541544545
2010-03-16,0.611,0.611,1,0.611,58513,3,76,2010.20353881279,1923,2010,0.957691858548281,0.287795594251093
2010-04-20,NA,0.1295,0,0.06475,58548,4,111,2010.29942922374,1924,2010,0.95215862339962,-0.305604247165744
2010-05-18,1.302,1.302,1,1.302,58576,5,139,2010.37614155251,1925,2010,0.702016851671866,-0.712160333049181
2010-06-08,2.312,2.312,1,2.312,58597,6,160,2010.43367579909,1926,2010,0.404769957970328,-0.914418548108414
2010-07-14,0.987,0.987,1,0.987,58633,7,196,2010.53230593607,1927,2010,-0.201593139736412,-0.979469349194356
2010-08-17,0.847,0.847,1,0.847,58667,8,230,2010.625456621,1928,2010,-0.709132581851107,-0.705075160076699
2010-09-21,0.887,0.887,1,0.887,58702,9,265,2010.72134703196,1929,2010,-0.983837979852061,-0.179060965597239
2010-10-19,0.607,0.607,1,0.607,58730,10,293,2010.79805936073,1930,2011,-0.954753689407057,0.297397701005932
2010-11-16,0.552,0.552,1,0.552,58758,11,321,2010.8747716895,1931,2011,-0.708120410117557,0.706091697143468
2010-12-08,0.362,0.362,1,0.362,58780,12,343,2010.9350456621,1932,2011,-0.396884567334928,0.917868531006139
2011-01-12,0.464,0.464,1,0.464,58815,1,12,2011.03093607306,1933,2011,0.193155382908014,0.981168180310419
2011-02-15,0.535,0.535,1,0.535,58849,2,46,2011.12408675799,1934,2011,0.703037735243757,0.711152545396083
2011-03-14,0.575,0.575,1,0.575,58876,3,74,2011.19805936073,1935,2011,0.94721794288943,0.320590344003553
2011-04-19,0.853,0.853,1,0.853,58912,4,110,2011.29668949772,1936,2011,0.957278025574223,-0.28916912309705
2011-05-17,0.609,0.609,1,0.609,58940,5,138,2011.37340182648,1937,2011,0.714171509752968,-0.699970752715544
2011-06-21,0.562,0.562,1,0.562,58975,6,173,2011.46929223744,1938,2011,0.191747682025895,-0.981444255389829
2011-07-19,0.469,0.469,1,0.469,59003,7,201,2011.54600456621,1939,2011,-0.285046762671831,-0.9585136113224
2011-08-09,0.502,0.502,1,0.502,59024,8,222,2011.60353881279,1940,2011,-0.605626982964993,-0.79574867735028
2011-09-06,0.815,0.815,1,0.815,59052,9,250,2011.68025114155,1941,2011,-0.905497792170052,-0.424350973105001
2011-10-18,0.697,0.697,1,0.697,59094,10,292,2011.7953196347,1942,2012,-0.959731444892767,0.280919123030173
2011-11-07,0.632,0.632,1,0.632,59114,11,312,2011.85011415525,1943,2012,-0.808595192282808,0.588365375440405
2011-12-20,0.669,0.669,1,0.669,59157,12,355,2011.96792237443,1944,2012,-0.200187867174127,0.979757530124813
2012-01-23,0.422,0.422,1,0.422,59191,1,23,2012.06090619308,1945,2012,0.373412498821814,0.927665406126395
2012-02-29,0.612,0.612,1,0.612,59228,2,60,2012.16199908925,1946,2012,0.850991476525643,0.525179499676735
2012-03-27,0.629,0.629,1,0.629,59255,3,87,2012.23576958106,1947,2012,0.996005377347495,0.0892932712743499
2012-04-24,0.378,0.378,1,0.378,59283,4,115,2012.3122723133,1948,2012,0.924426052970608,-0.381361341235818
2012-05-21,0.494,0.494,1,0.494,59310,5,142,2012.3860428051,1949,2012,0.656382874306935,-0.754427943753787
2012-07-31,1,1,1,1,59381,7,213,2012.58003187614,1951,2012,-0.481929174369131,-0.876210175067539
2012-08-28,0.978,0.978,1,0.978,59409,8,241,2012.65653460838,1952,2012,-0.832461779229584,-0.55408247231068
2012-09-24,2.587,2.587,1,2.587,59436,9,268,2012.73030510018,1953,2012,-0.992353142142016,-0.123431119580388
2012-10-23,0.627,0.627,1,0.627,59465,10,297,2012.80954007286,1954,2013,-0.930836411209721,0.365436144307329
2012-11-26,0.438,0.438,1,0.438,59499,11,331,2012.90243624772,1955,2013,-0.575332929983494,0.817919323452264
2012-12-17,0.548,0.548,1,0.548,59520,12,352,2012.9598132969,1956,2013,-0.249825951158343,0.968290759084186
2013-01-28,0.433,0.433,1,0.433,59562,1,28,2013.0747716895,1957,2013,0.452711868880439,0.891656864368116
2013-04-23,0.558,0.558,1,0.558,59647,4,114,2013.30764840183,1960,2013,0.935114031490949,-0.3543469318461
2013-05-28,0.593,0.593,1,0.593,59682,5,149,2013.40353881279,1961,2013,0.569652934938645,-0.821885353145917
2013-06-26,0.571,0.571,1,0.571,59711,6,178,2013.48299086758,1962,2013,0.106668207762954,-0.994294671338753
2013-07-22,0.665,0.665,1,0.665,59737,7,204,2013.55422374429,1963,2013,-0.334144896615119,-0.942521717556721
2013-08-27,0.588,0.588,1,0.588,59773,8,240,2013.65285388128,1964,2013,-0.819426219048821,-0.573184674895757
2013-09-23,0.643,0.643,1,0.643,59800,9,267,2013.72682648402,1965,2013,-0.989418525207577,-0.145089565358996
2013-10-22,0.641,0.641,1,0.641,59829,10,296,2013.80627853881,1966,2014,-0.938129256981116,0.34628528296198
2013-11-25,0.513,0.513,1,0.513,59863,11,330,2013.89942922374,1967,2014,-0.590682838148235,0.806903826188193
2013-12-18,0.449,0.449,1,0.449,59886,12,353,2013.96244292237,1968,2014,-0.233794069179165,0.972286137521588
2014-01-22,0.402,0.402,1,0.402,59921,1,22,2014.05833333333,1969,2014,0.358367949544477,0.933580426497518
2014-02-25,0.465,0.465,1,0.465,59955,2,56,2014.15148401826,1970,2014,0.814462468064474,0.580216242546109
2014-03-17,0.583,0.583,1,0.583,59975,3,77,2014.20627853881,1971,2014,0.962503894229016,0.271267863179513
2014-04-23,0.533,0.533,1,0.533,60012,4,114,2014.30764840183,1972,2014,0.935114031491359,-0.354346931845017
2014-05-28,0.473,0.473,1,0.473,60047,5,149,2014.40353881279,1973,2014,0.569652934939597,-0.821885353145257
2014-06-24,0.571,0.571,1,0.571,60074,6,176,2014.47751141553,1974,2014,0.140830221276817,-0.990033761431964
2014-07-21,0.509,0.509,1,0.509,60101,7,203,2014.55148401826,1975,2014,-0.317871427435472,-0.948133827906238
2014-08-26,0.591,0.591,1,0.591,60137,8,239,2014.65011415525,1976,2014,-0.809438380260967,-0.587204826751707
2014-09-22,0.467,0.467,1,0.467,60164,9,266,2014.72408675799,1977,2014,-0.986774453813296,-0.162099282236141
2014-10-28,0.513,0.513,1,0.513,60200,10,302,2014.82271689498,1978,2015,-0.89742719674946,0.441162585147931
2014-11-25,0.45,0.45,1,0.45,60228,11,330,2014.89942922374,1979,2015,-0.590682838147702,0.806903826188583
2014-12-29,0.529,0.529,1,0.529,60262,12,364,2014.99257990868,1980,2015,-0.0466049211484827,0.998913400312932
2015-01-27,0.489,0.489,1,0.489,60291,1,27,2015.07203196347,1981,2015,0.437296387555408,0.899317446417554
2015-02-25,0.466,0.466,1,0.466,60320,2,56,2015.15148401826,1982,2015,0.814462468064857,0.580216242545571
2015-03-30,0.705,0.705,1,0.705,60353,3,90,2015.24189497717,1983,2015,0.998703584048292,0.0509033516489393
2015-04-29,0.665,0.665,1,0.665,60383,4,120,2015.32408675799,1984,2015,0.893596870255271,-0.448870397186075
2015-05-27,0.601,0.601,1,0.601,60411,5,148,2015.40079908676,1985,2015,0.583715940011965,-0.81195794310786
2015-06-23,0.469,0.469,1,0.469,60438,6,175,2015.4747716895,1986,2015,0.157851159503797,-0.987462916490187
2015-07-28,0.523,0.523,1,0.523,60473,7,210,2015.57066210046,1987,2015,-0.429539767248175,-0.903047943551384
2015-08-25,1.285,1.285,1,1.285,60501,8,238,2015.64737442922,1988,2015,-0.799210687409786,-0.601050977147511
2015-09-29,0.673,0.673,1,0.673,60536,9,273,2015.74326484018,1989,2015,-0.99910471617429,-0.0423056275014536
2015-10-20,0.618,0.618,1,0.618,60557,10,294,2015.80079908676,1990,2016,-0.949493019798361,0.313788153623093
2015-11-23,0.488,0.488,1,0.488,60591,11,328,2015.89394977169,1991,2016,-0.618107730057745,0.786093400330306
2015-12-29,0.723,0.723,1,0.723,60627,12,364,2015.99257990868,1992,2016,-0.0466049211478229,0.998913400312963
2016-01-27,0.485,0.485,1,0.485,60656,1,27,2016.07183515483,1993,2016,0.436183970870533,0.899857512918359
2016-02-23,0.543,0.543,1,0.543,60683,2,54,2016.14560564663,1994,2016,0.792481636016894,0.609895775174732
2016-03-23,0.739,0.739,1,0.739,60712,3,83,2016.22484061931,1995,2016,0.987531189019902,0.157423475736429
2016-04-25,0.626,0.626,1,0.626,60745,4,116,2016.31500455373,1996,2016,0.917743262130866,-0.397174149226
2016-05-24,0.676,0.676,1,0.676,60774,5,145,2016.39423952641,1997,2016,0.616675558506215,-0.787217413133785
2016-06-29,0.609,0.609,1,0.609,60810,6,181,2016.49260018215,1998,2016,0.0464776771940246,-0.998919328836242
2016-07-19,0.531,0.531,1,0.531,60830,7,201,2016.54724499089,1999,2016,-0.292508510473097,-0.956262919547135
2016-08-30,0.593,0.593,1,0.593,60872,8,243,2016.66199908925,2000,2016,-0.850991476526249,-0.525179499675753
2016-09-28,0.65,0.65,1,0.65,60901,9,272,2016.74123406193,2001,2016,-0.99848358963168,-0.0550501701744409
2016-10-17,0.644,0.644,1,0.644,60920,10,291,2016.79314663024,2002,2017,-0.963477371195279,0.267789759316213
2016-11-22,0.836,0.836,1,0.836,60956,11,327,2016.89150728597,2003,2017,-0.630098323650342,0.776515358851986
2016-12-27,1.194,1.194,1,1.194,60991,12,362,2016.98713570128,2004,2017,-0.0807407885075909,0.996735132856855
2017-01-25,0.784,0.784,1,0.784,61020,1,25,2017.06655251142,2005,2017,0.406081290172878,0.913836957980761
2017-02-28,0.902,0.902,1,0.902,61054,2,59,2017.15970319635,2006,2017,0.843327209325878,0.537400426135509
2017-03-29,0.658,0.658,1,0.658,61083,3,89,2017.23915525114,2007,2017,0.997679397813985,0.0680868502540955
2017-04-26,0.495,0.495,1,0.495,61111,4,117,2017.31586757991,2008,2017,0.915576081992948,-0.402144797408151
2017-05-23,0.52,0.52,1,0.52,61138,5,144,2017.38984018265,2009,2017,0.63819738839431,-0.769872777442275
2017-05-31,0.28,0.28,1,0.28,61146,5,152,2017.41175799087,2009,2017,0.526468034500935,-0.850194923913759
2017-06-26,0.572,0.572,1,0.572,61172,6,178,2017.48299086758,2010,2017,0.106668207763944,-0.994294671338647
2017-06-28,0.35,0.35,1,0.35,61174,6,180,2017.48847031963,2010,2017,0.0723797712473934,-0.997377144672052
2017-07-25,0.49,0.49,1,0.49,61201,7,207,2017.56244292237,2011,2017,-0.382352077494437,-0.924016714586748
2017-07-26,0.715,0.715,1,0.715,61202,7,208,2017.5651826484,2011,2017,-0.398200856709599,-0.917298249053023
2017-08-21,0.708,0.708,1,0.708,61228,8,234,2017.63641552511,2012,2017,-0.755963036225927,-0.654614304655862
2017-08-30,0.72,0.72,1,0.72,61237,8,243,2017.66107305936,2012,2017,-0.847921375536449,-0.530122005682066
2017-09-25,1.001,1.001,1,1.001,61263,9,269,2017.73230593607,2013,2017,-0.993826413190623,-0.110946205183685
2017-09-27,0.72,0.72,1,0.72,61265,9,271,2017.73778538813,2013,2017,-0.997056419579166,-0.076671351729139
2017-10-25,0.8185,0.8185,1,0.8185,61293,10,299,2017.81449771689,2014,2018,-0.919003427265544,0.394249541121083
2017-11-28,0.779,0.779,1,0.779,61327,11,333,2017.90764840183,2015,2018,-0.548243242422142,0.836318926689129
2017-11-30,0.62,0.62,1,0.62,61329,11,335,2017.91312785388,2015,2018,-0.519130908594849,0.854694740677329
2017-12-20,0.48,0.48,1,0.48,61349,12,355,2017.96792237443,2016,2018,-0.200187867173808,0.979757530124878
2017-12-27,0.74,0.74,1,0.74,61356,12,362,2017.98710045662,2016,2018,-0.0809615122169976,0.996717228475327
2018-01-30,0.565,0.565,1,0.565,61390,1,30,2018.08025114155,2017,2018,0.483135858446092,0.875545397043213
2018-01-31,0.48,0.48,1,0.48,61391,1,31,2018.08299086758,2017,2018,0.498135351405959,0.867099285941155
2018-02-26,0.78,0.78,1,0.78,61417,2,57,2018.15422374429,2018,2018,0.8243292654914,0.566110644710386
2018-02-28,0.936,0.936,1,0.936,61419,2,59,2018.15970319635,2018,2018,0.843327209326233,0.537400426134952
2018-03-20,0.619,0.619,1,0.619,61439,3,80,2018.2144977169,2019,2018,0.975223456540671,0.221222082561542
2018-03-28,0.57,0.57,1,0.57,61447,3,88,2018.23641552511,2019,2018,0.996359577642532,0.0852501732549333
2018-04-23,0.598,0.598,1,0.598,61473,4,114,2018.30764840183,2020,2018,0.935114031491068,-0.354346931845787
2018-04-30,0.54,0.54,1,0.54,61480,4,121,2018.32682648402,2020,2018,0.88573790822198,-0.464185693379871
2018-05-15,0.442,0.442,1,0.442,61495,5,136,2018.36792237443,2021,2018,0.737842413641255,-0.674973016225128
2018-05-29,0.65,0.65,1,0.65,61509,5,150,2018.40627853881,2021,2018,0.555421129407284,-0.831569220815644
2018-06-26,0.64,0.64,1,0.64,61537,6,178,2018.48299086758,2022,2018,0.106668207763287,-0.994294671338718
2018-06-27,0.619,0.619,1,0.619,61538,6,179,2018.48573059361,2022,2018,0.0895372554164926,-0.9959834737045
2018-07-23,0.654,0.654,1,0.654,61564,7,205,2018.55696347032,2023,2018,-0.350319351454191,-0.936630317679668
2018-07-31,0.92,0.92,1,0.92,61572,7,213,2018.57888127854,2023,2018,-0.475582146159333,-0.879671314898061
2018-08-29,0.616,0.616,1,0.616,61601,8,242,2018.65833333333,2024,2018,-0.838670567944815,-0.544639035015964
2018-09-25,0.59,0.59,1,0.59,61628,9,269,2018.73230593607,2025,2018,-0.993826413190697,-0.110946205183029
2018-09-26,0.689,0.689,1,0.689,61629,9,270,2018.7350456621,2025,2018,-0.995588923627193,-0.0938226792990278
2018-10-29,0.822,0.822,1,0.822,61662,10,303,2018.825456621,2026,2019,-0.889700344526285,0.456544956110359
2018-10-30,0.49,0.49,1,0.49,61663,10,304,2018.82819634703,2026,2019,-0.881709854888449,0.471792042951754
2018-11-28,0.774,0.774,1,0.774,61692,11,333,2018.90764840183,2027,2019,-0.54824324242159,0.836318926689491
2018-11-29,0.485,0.485,1,0.485,61693,11,334,2018.91038812785,2027,2019,-0.53376615872493,0.845632123207268
2018-12-19,0.54,0.54,1,0.54,61713,12,354,2018.9651826484,2028,2019,-0.217023122493798,0.976166463418531
2018-12-27,0.336,0.336,1,0.336,61721,12,362,2018.98710045662,2028,2019,-0.0809615122181522,0.996717228475233
2019-01-23,0.484,0.484,1,0.484,61748,1,23,2019.06107305936,2029,2019,0.374384905847664,0.927273391332586
2019-01-29,0.39,0.39,1,0.39,61754,1,29,2019.07751141553,2029,2019,0.467993201906615,0.88373206514712
2019-02-27,0.5415,0.5415,1,0.5415,61783,2,58,2019.15696347032,2030,2019,0.833951796366389,0.551837296073103
2019-03-20,0.577,0.577,1,0.577,61804,3,80,2019.2144977169,2031,2019,0.975223456540817,0.221222082560897
2019-03-28,0.23,0.23,1,0.23,61812,3,88,2019.23641552511,2031,2019,0.996359577642433,0.0852501732560875
2019-04-23,0.674,0.674,1,0.674,61838,4,114,2019.30764840183,2032,2019,0.935114031491478,-0.354346931844703
2019-04-30,0.429,0.429,1,0.429,61845,4,121,2019.32682648402,2032,2019,0.885737908222517,-0.464185693378845
2019-05-20,0.608,0.608,1,0.608,61865,5,141,2019.38162100457,2033,2019,0.677087130608377,-0.735902858782676
2019-05-29,0.328,0.328,1,0.328,61874,5,150,2019.40627853881,2033,2019,0.555421129406734,-0.831569220816011
2019-06-25,0.459,0.459,1,0.459,61901,6,177,2019.48025114155,2034,2019,0.123767552019185,-0.992311238003066
2019-07-22,0.492,0.492,1,0.492,61928,7,204,2019.55422374429,2035,2019,-0.334144896615426,-0.942521717556612
2019-07-25,0.479,0.479,1,0.479,61931,7,207,2019.56244292237,2035,2019,-0.382352077493977,-0.924016714586939
2019-08-27,0.513,0.513,1,0.513,61964,8,240,2019.65285388128,2036,2019,-0.819426219049007,-0.57318467489549
2019-09-25,0.622,0.622,1,0.622,61993,9,269,2019.73230593607,2037,2019,-0.993826413190568,-0.11094620518418
2019-09-26,0.417,0.417,1,0.417,61994,9,270,2019.7350456621,2037,2019,-0.995588923627254,-0.0938226792983702
2019-10-31,0.55,0.55,1,0.55,62029,10,305,2019.83093607306,2038,2020,-0.873458095592286,0.486899327627689
2019-11-20,0.407,0.407,1,0.407,62049,11,325,2019.88573059361,2039,2020,-0.657861558631743,0.753138878079344
2019-11-26,0.536,0.536,1,0.536,62055,11,331,2019.90216894977,2039,2020,-0.576705799168507,0.816951908747029
2019-12-19,0.248,0.248,1,0.248,62078,12,354,2019.9651826484,2040,2020,-0.217023122493154,0.976166463418674
2019-12-30,0.62,0.62,1,0.62,62089,12,365,2019.9953196347,2040,2020,-0.0294033639974358,0.99956762761988
2020-01-30,0.295,0.295,1,0.295,62120,1,30,2020.08003187614,2041,2020,0.48192917436869,0.876210175067782
2020-02-24,0.542,0.542,1,0.542,62145,2,55,2020.14833788707,2042,2020,0.802834534021684,0.596201904544245
2020-02-25,0.288,0.288,1,0.288,62146,2,56,2020.1510701275,2042,2020,0.812950833003854,0.582332330476627
2020-03-25,0.423,0.423,1,0.423,62175,3,85,2020.23030510018,2043,2020,0.992353142142178,0.123431119579082
2020-04-29,0.217,0.217,1,0.217,62210,4,120,2020.32593351548,2044,2020,0.888328353699615,-0.459208815260914
2020-05-28,0.199,0.199,1,0.199,62239,5,149,2020.40516848816,2045,2020,0.561207480536449,-0.827675155957898
2020-06-25,0.25,0.25,1,0.25,62267,6,177,2020.4816712204,2046,2020,0.114908728109523,-0.993376053770299
2020-07-22,0.602,0.602,1,0.602,62294,7,204,2020.5554417122,2047,2020,-0.341347894811456,-0.939937026990525
2020-07-29,0.453,0.453,1,0.453,62301,7,211,2020.57456739526,2047,2020,-0.45156694896059,-0.892237238970905
2020-08-26,0.835,0.835,1,0.835,62329,8,239,2020.6510701275,2048,2020,-0.812950833004047,-0.582332330476358
2020-08-27,0.522,0.522,1,0.522,62330,8,240,2020.65380236794,2048,2020,-0.822827551645386,-0.568291140396593
2020-09-21,0.873,0.873,1,0.873,62355,9,265,2020.72210837887,2049,2020,-0.984683290737267,-0.174352565059498
2020-09-30,0.67,0.67,1,0.67,62364,9,274,2020.74669854281,2049,2020,-0.999784857847438,-0.0207421797065168
2020-10-26,0.803,0.803,1,0.803,62390,10,300,2020.81773679417,2050,2021,-0.910790008139249,0.412869908171699
2020-10-28,0.677,0.677,1,0.677,62392,10,302,2020.82320127505,2050,2021,-0.896080386428095,0.44389181233593
2020-11-18,0.813,0.813,1,0.813,62413,11,323,2020.88057832423,2051,2021,-0.681893725789356,0.731451260665474
2020-11-23,0.586,0.586,1,0.586,62418,11,328,2020.89423952641,2051,2021,-0.616675558506739,0.787217413133374
2020-12-21,0.52,0.52,1,0.52,62446,12,356,2020.97074225865,2052,2021,-0.182798152526702,0.983150464289584
2021-01-25,1.868,1.868,1,1.868,62481,1,25,2021.06655251142,2053,2021,0.40608129017363,0.913836957980427
2021-01-27,1.67,1.67,1,1.67,62483,1,27,2021.07203196347,2053,2021,0.4372963875557,0.899317446417412
2021-02-17,0.809,0.809,1,0.809,62504,2,48,2021.12956621005,2054,2021,0.727100132323685,0.686531425045409
2021-02-23,0.582,0.582,1,0.582,62510,2,54,2021.14600456621,2054,2021,0.794007840049633,0.607907517587763
2021-03-24,0.929,0.929,1,0.929,62539,3,84,2021.225456621,2055,2021,0.988133090833102,0.153600113283228
2021-03-31,0.475,0.475,1,0.475,62546,3,91,2021.2446347032,2055,2021,0.999431832856924,0.0337047692804604
2021-04-26,0.94,0.94,1,0.94,62572,4,117,2021.31586757991,2056,2021,0.915576081992617,-0.402144797408905
2021-04-29,0.552,0.552,1,0.552,62575,4,120,2021.32408675799,2056,2021,0.893596870255941,-0.448870397184741
2021-05-25,0.63,0.63,1,0.63,62601,5,146,2021.3953196347,2057,2021,0.611318931350653,-0.791384334045282
2021-05-26,0.712,0.712,1,0.712,62602,5,147,2021.39805936073,2057,2021,0.597605977456903,-0.801789932406101
2021-06-21,0.579,0.579,1,0.579,62628,6,173,2021.46929223744,2058,2021,0.191747682024768,-0.981444255390049
2021-06-29,0.49,0.49,1,0.49,62636,6,181,2021.49121004566,2058,2021,0.0552008393903241,-0.998475271266446
2021-07-27,0.875,0.875,1,0.875,62664,7,209,2021.56792237443,2059,2021,-0.4139316404178,-0.910307968250871
2021-07-29,0.72,0.72,1,0.72,62666,7,211,2021.57340182648,2059,2021,-0.445020612174231,-0.895520326257351
2021-08-24,0.842,0.842,1,0.842,62692,8,237,2021.6446347032,2060,2021,-0.788746171185517,-0.614719023164394
2021-08-31,0.72,0.72,1,0.72,62699,8,244,2021.66381278539,2060,2021,-0.856920925724687,-0.515447889757196
2021-09-29,0.768,0.768,1,0.768,62728,9,273,2021.74326484018,2061,2021,-0.999104716174304,-0.0423056275011285
2021-09-30,2,2,1,2,62729,9,274,2021.74600456621,2061,2021,-0.999684909862932,-0.0251014141502519
2021-10-25,0.65,0.65,1,0.65,62754,10,299,2021.81449771689,2062,2022,-0.919003427265936,0.394249541120168
2021-10-27,0.5,0.5,1,0.5,62756,10,301,2021.81997716895,2062,2022,-0.904888121927783,0.425649488187183
2021-11-23,0.734,0.734,1,0.734,62783,11,328,2021.89394977169,2063,2022,-0.618107730057489,0.786093400330507
2021-11-30,0.309,0.309,1,0.309,62790,11,335,2021.91312785388,2063,2022,-0.519130908594146,0.854694740677756
2021-12-27,0.398,0.398,1,0.398,62817,12,362,2021.98710045662,2064,2022,-0.0809615122179901,0.996717228475246
2021-12-28,0.67,0.67,1,0.67,62818,12,363,2021.98984018265,2064,2022,-0.0637926682549263,0.997963173407174
2022-01-24,0.855,0.855,1,0.855,62845,1,24,2022.06381278539,2065,2022,0.390290923822136,0.920691585050099
2022-01-27,0.46,0.46,1,0.46,62848,1,27,2022.07203196347,2065,2022,0.437296387556294,0.899317446417123
2022-02-23,0.829,0.829,1,0.829,62875,2,54,2022.14600456621,2066,2022,0.794007840050035,0.607907517587238
2022-02-28,0.647,0.647,1,0.647,62880,2,59,2022.15970319635,2066,2022,0.843327209325698,0.537400426135792
2022-03-22,0.955,0.955,1,0.955,62902,3,82,2022.21997716895,2067,2022,0.982260360449852,0.187522223453453
2022-03-29,0.534,0.534,1,0.534,62909,3,89,2022.23915525114,2067,2022,0.997679397813963,0.0680868502544299
2022-04-25,0.811,0.811,1,0.811,62936,4,116,2022.31312785388,2068,2022,0.922362691140335,-0.386325078130271
2022-04-27,0.774,0.774,1,0.774,62938,4,118,2022.31860730594,2068,2022,0.908518167892252,-0.417845352504615
2022-05-23,0.303,0.303,1,0.303,62964,5,144,2022.38984018265,2069,2022,0.638197388394568,-0.769872777442061
2022-05-25,0.607,0.607,1,0.607,62966,5,146,2022.3953196347,2069,2022,0.611318931350131,-0.791384334045686
2022-06-28,1.071,1.071,1,1.071,63000,6,180,2022.48847031963,2070,2022,0.0723797712477277,-0.997377144672028
2022-06-29,0.792,0.792,1,0.792,63001,6,181,2022.49121004566,2070,2022,0.0552008393896645,-0.998475271266483
2022-07-25,0.716,0.716,1,0.716,63027,7,207,2022.56244292237,2071,2022,-0.382352077494127,-0.924016714586876
2022-07-27,0.546,0.546,1,0.546,63029,7,209,2022.56792237443,2071,2022,-0.413931640416746,-0.910307968251351
2022-08-24,0.761,0.761,1,0.761,63057,8,237,2022.6446347032,2072,2022,-0.788746171184805,-0.614719023165307
2022-08-30,0.645,0.645,1,0.645,63063,8,243,2022.66107305936,2072,2022,-0.847921375536271,-0.53012200568235
2022-09-22,0.899,0.899,1,0.899,63086,9,266,2022.72408675799,2073,2022,-0.986774453813268,-0.162099282236311
2022-10-25,0.811,0.811,1,0.811,63119,10,299,2022.81449771689,2074,2023,-0.919003427265676,0.394249541120775
2022-11-22,0.738,0.738,1,0.738,63147,11,327,2022.89121004566,2075,2023,-0.631547456399243,0.775337223610247
2022-12-27,0.547,0.547,1,0.547,63182,12,362,2022.98710045662,2076,2023,-0.0809615122173317,0.9967172284753
